{"zh_gsd": {"n_sentences": 2379, "mean_excess_rpl": -0.006006359545742077, "median_excess_rpl": -0.031709308372047634, "se_excess_rpl": 0.0037316359563363795, "prop_negative_rpl": 0.5746111811685582, "iqr_excess_rpl": 0.228183398256726, "mean_excess_fhd": -0.040973413745916315, "median_excess_fhd": -0.045120284641604336, "se_excess_fhd": 0.0035090029755691825, "prop_negative_fhd": 0.6338797814207651, "mean_excess_sop": -0.020523553521748627, "median_excess_sop": -0.020190610314267096, "se_excess_sop": 0.0033217368188447577, "prop_negative_sop": 0.5670449768810425, "mean_observed_r1": -0.010885353519238788, "mean_dd_length": 28.658680117696512, "language_name": "Chinese", "wals_case_category": 1, "wals_word_order_label": "SVO", "language_family": "Sino-Tibetan", "modality": "written", "ud_case_proportion": 0.026653, "iso639_3": "zho", "glottocode": "mand1415", "mean_tree_depth": 5.28, "mean_branching_factor": 2.49, "projectivity_rate": 0.969, "mean_sent_length_gp": 24.67}, "fi_tdt": {"n_sentences": 1664, "mean_excess_rpl": -0.15137538381426485, "median_excess_rpl": -0.15855409209938365, "se_excess_rpl": 0.004161171316441263, "prop_negative_rpl": 0.8413461538461539, "iqr_excess_rpl": 0.20388760904002415, "mean_excess_fhd": -0.11276257063565126, "median_excess_fhd": -0.10666018573690242, "se_excess_fhd": 0.004538761089831541, "prop_negative_fhd": 0.7493990384615384, "mean_excess_sop": -0.09238691156438926, "median_excess_sop": -0.07764656373680708, "se_excess_sop": 0.004988008667269212, "prop_negative_sop": 0.6929086538461539, "mean_observed_r1": -0.09549687763648618, "mean_dd_length": 26.541466346153847, "language_name": "Finnish", "wals_case_category": 8, "wals_word_order_label": "SVO", "language_family": "Uralic", "modality": "written", "ud_case_proportion": 0.527115, "iso639_3": "fin", "glottocode": "finn1318", "mean_tree_depth": 4.43, "mean_branching_factor": 2.5, "projectivity_rate": 0.9409, "mean_sent_length_gp": 13.36}, "hi_hdtb": {"n_sentences": 7313, "mean_excess_rpl": -0.1279610039808542, "median_excess_rpl": -0.14505931341553355, "se_excess_rpl": 0.0017866547550923295, "prop_negative_rpl": 0.822371119923424, "iqr_excess_rpl": 0.1806717497878232, "mean_excess_fhd": -0.0740647304999014, "median_excess_fhd": -0.07580212439501743, "se_excess_fhd": 0.0018779223038363159, "prop_negative_fhd": 0.7266511691508273, "mean_excess_sop": -0.0588327186254838, "median_excess_sop": -0.04450324070074177, "se_excess_sop": 0.0019625127423590558, "prop_negative_sop": 0.6540407493504717, "mean_observed_r1": -0.11356457761862816, "mean_dd_length": 26.851634076302474, "language_name": "Hindi", "wals_case_category": null, "wals_word_order_label": "SOV", "language_family": "Indo-European", "modality": "written", "ud_case_proportion": 0.538837, "iso639_3": "hin", "glottocode": "hind1269", "mean_tree_depth": 5.25, "mean_branching_factor": 2.63, "projectivity_rate": 0.862, "mean_sent_length_gp": 21.12}, "de_gsd": {"n_sentences": 4517, "mean_excess_rpl": -0.029390734175745985, "median_excess_rpl": -0.05141470669132253, "se_excess_rpl": 0.00286366151776501, "prop_negative_rpl": 0.6052689838388311, "iqr_excess_rpl": 0.2506151678836388, "mean_excess_fhd": 0.01650578670002702, "median_excess_fhd": -0.0005421404203351521, "se_excess_fhd": 0.0029468667785481017, "prop_negative_fhd": 0.5021031658180208, "mean_excess_sop": -0.00779858630595181, "median_excess_sop": -0.006410132636984769, "se_excess_sop": 0.0031341573548977933, "prop_negative_sop": 0.5182643347354439, "mean_observed_r1": -0.028445445292260528, "mean_dd_length": 26.036307283595306, "language_name": "German", "wals_case_category": 4, "wals_word_order_label": "No dominant order", "language_family": "Indo-European", "modality": "written", "ud_case_proportion": 0.495406, "iso639_3": "deu", "glottocode": "stan1295", "mean_tree_depth": 4.77, "mean_branching_factor": 2.72, "projectivity_rate": 0.9065, "mean_sent_length_gp": 18.78}, "ko_kaist": {"n_sentences": 1314, "mean_excess_rpl": -0.06286607992177218, "median_excess_rpl": -0.10635729864475454, "se_excess_rpl": 0.005212617619176034, "prop_negative_rpl": 0.713089802130898, "iqr_excess_rpl": 0.2283765856062943, "mean_excess_fhd": -0.0885091884773075, "median_excess_fhd": -0.1010190076654788, "se_excess_fhd": 0.005399795523190867, "prop_negative_fhd": 0.715372907153729, "mean_excess_sop": -0.06558852585256726, "median_excess_sop": -0.06644803397248827, "se_excess_sop": 0.005566743318018363, "prop_negative_sop": 0.6750380517503806, "mean_observed_r1": -0.007695800956353606, "mean_dd_length": 20.035768645357688, "language_name": "Korean", "wals_case_category": 6, "wals_word_order_label": "SOV", "language_family": "Korean", "modality": "written", "ud_case_proportion": 0.0, "iso639_3": "kor", "glottocode": "kore1280", "mean_tree_depth": 5.12, "mean_branching_factor": 1.9, "projectivity_rate": 0.7817, "mean_sent_length_gp": 12.79}, "en_ewt": {"n_sentences": 4001, "mean_excess_rpl": -0.16575987016375593, "median_excess_rpl": -0.16830461740325517, "se_excess_rpl": 0.002419485767406839, "prop_negative_rpl": 0.8867783054236441, "iqr_excess_rpl": 0.1856336763783294, "mean_excess_fhd": -0.06955673663940218, "median_excess_fhd": -0.05842485074185483, "se_excess_fhd": 0.0022954925328590356, "prop_negative_fhd": 0.7005748562859285, "mean_excess_sop": -0.06707753448818003, "median_excess_sop": -0.04984147405667977, "se_excess_sop": 0.0023385862748922194, "prop_negative_sop": 0.6863284178955261, "mean_observed_r1": -0.12312379775053411, "mean_dd_length": 27.971507123219194, "language_name": "English", "wals_case_category": 2, "wals_word_order_label": "SVO", "language_family": "Indo-European", "modality": "written", "ud_case_proportion": 0.073598, "iso639_3": "eng", "glottocode": "stan1293", "mean_tree_depth": 4.34, "mean_branching_factor": 2.61, "projectivity_rate": 0.9798, "mean_sent_length_gp": 15.33}, "ar_padt": {"n_sentences": 5299, "mean_excess_rpl": -0.10126992962849252, "median_excess_rpl": -0.131604447519284, "se_excess_rpl": 0.0022850635254375194, "prop_negative_rpl": 0.8058124174372523, "iqr_excess_rpl": 0.16583264298755696, "mean_excess_fhd": -0.09426700532990948, "median_excess_fhd": -0.09499835844444784, "se_excess_fhd": 0.002742753452335339, "prop_negative_fhd": 0.7529722589167768, "mean_excess_sop": -0.049747311249493886, "median_excess_sop": -0.041927168309077806, "se_excess_sop": 0.0025638677613651164, "prop_negative_sop": 0.6448386488016606, "mean_observed_r1": -0.07274103928956428, "mean_dd_length": 43.42876014342329, "language_name": "Arabic", "wals_case_category": null, "wals_word_order_label": "VSO", "language_family": "Afro-Asiatic", "modality": "written", "ud_case_proportion": 0.519859, "iso639_3": "ara", "glottocode": "stan1318", "mean_tree_depth": 8.26, "mean_branching_factor": 2.02, "projectivity_rate": 0.9111, "mean_sent_length_gp": 36.85}, "bej_autogramm": {"n_sentences": 144, "mean_excess_rpl": -0.1739100957262469, "median_excess_rpl": -0.17737001382049644, "se_excess_rpl": 0.013195119046756508, "prop_negative_rpl": 0.8819444444444444, "iqr_excess_rpl": 0.17054761621651765, "mean_excess_fhd": -0.1707683464888434, "median_excess_fhd": -0.1615533104682071, "se_excess_fhd": 0.01596327747858903, "prop_negative_fhd": 0.8472222222222222, "mean_excess_sop": -0.11629656978402567, "median_excess_sop": -0.11093840856446122, "se_excess_sop": 0.014583741808072648, "prop_negative_sop": 0.7569444444444444, "mean_observed_r1": -0.09581705530060562, "mean_dd_length": 26.319444444444443, "language_name": "Beja", "wals_case_category": 2, "wals_word_order_label": "SOV", "language_family": "Afro-Asiatic", "modality": "spoken", "ud_case_proportion": 0.149109, "iso639_3": "bej", "glottocode": "beja1238", "mean_tree_depth": 5.53, "mean_branching_factor": 2.2, "projectivity_rate": 0.9279, "mean_sent_length_gp": 15.66}, "tr_boun": {"n_sentences": 1197, "mean_excess_rpl": -0.0763875615009549, "median_excess_rpl": -0.09788307869666668, "se_excess_rpl": 0.004372178689132794,