{
  "metadata": {
    "method_name": "DD_Autocorrelation_Excess_Analysis",
    "description": "Bias-corrected lag-1 autocorrelation of dependency-distance sequences, minus three-tier baselines (RPL/FHD/SOP), aggregated via meta-analysis and typological mixed-effects regression.",
    "parameters": {
      "n_perms_mini": 50,
      "n_perms_medium": 100,
      "n_perms_full": 100,
      "min_tokens_after_punct": 20,
      "autocorrelation_estimator": "r1_plus"
    },
    "scale_achieved": "full",
    "n_treebanks_processed": 233,
    "total_sentences_processed": 418806,
    "meta_analysis": {
      "excess_RPL": {
        "pooled_estimate": -0.13132212443365818,
        "pooled_se": 0.00368944332747839,
        "ci_95": [
          -0.13855343335551581,
          -0.12409081551180054
        ],
        "tau_squared": 0.0030517220238820233,
        "I_squared": 0.9834599561435629,
        "prediction_interval": [
          -0.24016652987936027,
          -0.022477718987956086
        ],
        "K_treebanks": 233,
        "p_value": 1.7334910635369498e-277,
        "prop_negative": 0.9914163090128756,
        "median_effect": -0.14340241517157332,
        "mean_effect": -0.13101239112598542
      },
      "excess_FHD": {
        "pooled_estimate": -0.08444712492932596,
        "pooled_se": 0.002967587246355414,
        "ci_95": [
          -0.09026359593218257,
          -0.07863065392646935
        ],
        "tau_squared": 0.0019249805897045232,
        "I_squared": 0.9721498609225236,
        "prediction_interval": [
          -0.17089414016732335,
          0.001999890308671426
        ],
        "K_treebanks": 233,
        "p_value": 4.0501673909367016e-178,
        "prop_negative": 0.9828326180257511,
        "median_effect": -0.08279384349043288,
        "mean_effect": -0.08536106711279143
      },
      "excess_SOP": {
        "pooled_estimate": -0.07085932359302431,
        "pooled_se": 0.0022089055905681505,
        "ci_95": [
          -0.07518877855053789,
          -0.06652986863551073
        ],
        "tau_squared": 0.0010159815478731125,
        "I_squared": 0.9424396756462181,
        "prediction_interval": [
          -0.13366332683920734,
          -0.008055320346841269
        ],
        "K_treebanks": 233,
        "p_value": 8.675103393585352e-226,
        "prop_negative": 0.9914163090128756,
        "median_effect": -0.07090179492610134,
        "mean_effect": -0.07212604289960071
      }
    },
    "language_level_sensitivity": {
      "pooled_estimate": -0.1334634816718285,
      "pooled_se": 0.0045655148301483196,
      "tau_squared": 0.0022592757578674774,
      "K_languages": 114,
      "p_value": 7.396185313663429e-188
    },
    "typological_regression": {
      "wals_ud_spearman": {
        "rho": 0.6088247891649577,
        "p": 1.941036575608641e-14
      },
      "predictor_centering": {
        "case_mean": 0.22450997630331754,
        "len_mean": 28.166327695962643
      },
      "model1_ols_summary": "                            OLS Regression Results                            \n==============================================================================\nDep. Variable:             excess_rpl   R-squared:                       0.099\nModel:                            OLS   Adj. R-squared:                  0.086\nMethod:                 Least Squares   F-statistic:                     7.572\nDate:                Thu, 26 Mar 2026   Prob (F-statistic):           7.88e-05\nTime:                        03:13:57   Log-Likelihood:                 319.14\nNo. Observations:                 211   AIC:                            -630.3\nDf Residuals:                     207   BIC:                            -616.9\nDf Model:                           3                                         \nCovariance Type:            nonrobust                                         \n==============================================================================\n                 coef    std err          t      P>|t|      [0.025      0.975]\n------------------------------------------------------------------------------\nconst         -0.1295      0.004    -33.831      0.000      -0.137      -0.122\nis_spoken     -0.0314      0.016     -2.006      0.046      -0.062      -0.001\ncase_c         0.0582      0.017      3.443      0.001       0.025       0.091\nlen_c         -0.0015      0.001     -1.868      0.063      -0.003    8.55e-05\n==============================================================================\nOmnibus:                       24.503   Durbin-Watson:                   1.608\nProb(Omnibus):                  0.000   Jarque-Bera (JB):               29.228\nSkew:                           0.864   Prob(JB):                     4.50e-07\nKurtosis:                       3.580   Cond. No.                         21.6\n==============================================================================\n\nNotes:\n[1] Standard Errors assume that the covariance matrix of the errors is correctly specified.",
      "model1_ols_params": {
        "const": {
          "coef": -0.12954542755773318,
          "se": 0.003829183821792702,
          "p": 2.7620140851775267e-86
        },
        "is_spoken": {
          "coef": -0.031375375124645166,
          "se": 0.01563970941150503,
          "p": 0.04614332458422947
        },
        "case_c": {
          "coef": 0.058182190996067265,
          "se": 0.01689631460005234,
          "p": 0.0006949470437538816
        },
        "len_c": {
          "coef": -0.001538580606598957,
          "se": 0.0008237984226241888,
          "p": 0.0632219165538144
        }
      },
      "model1_mixed_summary": "         Mixed Linear Model Regression Results\n========================================================\nModel:            MixedLM Dependent Variable: excess_rpl\nNo. Observations: 211     Method:             REML      \nNo. Groups:       13      Scale:              0.0023    \nMin. group size:  2       Log-Likelihood:     316.3992  \nMax. group size:  148     Converged:          Yes       \nMean group size:  16.2                                  \n--------------------------------------------------------\n              Coef.  Std.Err.   z    P>|z| [0.025 0.975]\n--------------------------------------------------------\nIntercept     -0.118    0.013 -8.990 0.000 -0.144 -0.092\nis_spoken     -0.035    0.014 -2.469 0.014 -0.063 -0.007\ncase_c         0.080    0.017  4.827 0.000  0.048  0.113\nlen_c         -0.001    0.001 -0.651 0.515 -0.002  0.001\nGroup Var      0.002    0.018                           \n========================================================\n",
      "model1_mixed_converged": true,
      "model1_mixed_params": {
        "Intercept": {
          "coef": -0.11822506718160648,
          "se": 0.013151410910306634,
          "p": 2.482788779369337e-19
        },
        "is_spoken": {
          "coef": -0.035068401928462604,
          "se": 0.01420513867842112,
          "p": 0.013560015399381701
        },
        "case_c": {
          "coef": 0.08042455468179277,
          "se": 0.016660957565647408,
          "p": 1.3851693734222418e-06
        },
        "len_c": {
          "coef": -0.0005170553624492866,
          "se": 0.0007945176957870179,
          "p": 0.5151892142479118
        }
      },
      "model1_mixed_re_variance": 0.0016414484247616642,